0	1821049	Manchester United 1 - 0 Fulham - Premier League 2024_2025.html	4506263	Manchester United 1-0 Fulham - Premier League 2024-2025_FotMob.html
1	1821050	Ipswich 0 - 2 Liverpool - Premier League 2024_2025.html	4506264	Ipswich 0-2 Liverpool - Premier League 2024-2025_FotMob.html
2	1821052	Arsenal 2 - 0 Wolves - Premier League 2024_2025.html	4506265	Arsenal 2-0 Wolves - Premier League 2024-2025_FotMob.html
3	1821054	Everton 0 - 3 Brighton - Premier League 2024_2025.html	4506266	Everton 0-3 Brighton - Premier League 2024-2025_FotMob.html
4	1821055	Newcastle 1 - 0 Southampton - Premier League 2024_2025.html	4506267	Newcastle 1-0 Southampton - Premier League 2024-2025_FotMob.html
5	1821056	Nottingham Forest 1 - 1 Bournemouth - Premier League 2024_2025.html	4506268	Nottingham Forest 1-1 Bournemouth - Premier League 2024-2025_FotMob.html
6	1821057	West Ham 1 - 2 Aston Villa - Premier League 2024_2025.html	4506269	West Ham 1-2 Aston Villa - Premier League 2024-2025_FotMob.html
7	1821058	Brentford 2 - 1 Crystal Palace - Premier League 2024_2025.html	4506270	Brentford 2-1 Crystal Palace - Premier League 2024-2025_FotMob.html
8	1821051	Chelsea 0 - 2 Manchester City - Premier League 2024_2025.html	4506271	Chelsea 0-2 Manchester City - Premier League 2024-2025_FotMob.html
9	1821053	Leicester 1 - 1 Tottenham - Premier League 2024_2025.html	4506272	Leicester 1-1 Tottenham - Premier League 2024-2025_FotMob.html
10	1821061	Brighton 2 - 1 Manchester United - Premier League 2024_2025.html	4506275	Brighton 2-1 Manchester United - Premier League 2024-2025_FotMob.html
11	1821062	Crystal Palace 0 - 2 West Ham - Premier League 2024_2025.html	4506276	Crystal Palace 0-2 West Ham - Premier League 2024-2025_FotMob.html
12	1821063	Fulham 2 - 1 Leicester - Premier League 2024_2025.html	4506277	Fulham 2-1 Leicester - Premier League 2024-2025_FotMob.html
13	1821065	Manchester City 4 - 1 Ipswich - Premier League 2024_2025.html	4506279	Manchester City 4-1 Ipswich - Premier League 2024-2025_FotMob.html
14	1821066	Southampton 0 - 1 Nottingham Forest - Premier League 2024_2025.html	4506280	Southampton 0-1 Nottingham Forest - Premier League 2024-2025_FotMob.html
15	1821067	Tottenham 4 - 0 Everton - Premier League 2024_2025.html	4506281	Tottenham 4-0 Everton - Premier League 2024-2025_FotMob.html
16	1821060	Aston Villa 0 - 2 Arsenal - Premier League 2024_2025.html	4506274	Aston Villa 0-2 Arsenal - Premier League 2024-2025_FotMob.html
17	1821068	Wolves 2 - 6 Chelsea - Premier League 2024_2025.html	4506282	Wolves 2-6 Chelsea - Premier League 2024-2025_FotMob.html
18	1821059	Bournemouth 1 - 1 Newcastle - Premier League 2024_2025.html	4506273	Bournemouth 1-1 Newcastle - Premier League 2024-2025_FotMob.html
19	1821064	Liverpool 2 - 0 Brentford - Premier League 2024_2025.html	4506278	Liverpool 2-0 Brentford - Premier League 2024-2025_FotMob.html
20	1821069	Arsenal 1 - 1 Brighton - Premier League 2024_2025.html	4506283	Arsenal 1-1 Brighton - Premier League 2024-2025_FotMob.html
21	1821071	Brentford 3 - 1 Southampton - Premier League 2024_2025.html	4506284	Brentford 3-1 Southampton - Premier League 2024-2025_FotMob.html
22	1821074	Everton 2 - 3 Bournemouth - Premier League 2024_2025.html	4506286	Everton 2-3 Bournemouth - Premier League 2024-2025_FotMob.html
23	1821075	Ipswich 1 - 1 Fulham - Premier League 2024_2025.html	4506287	Ipswich 1-1 Fulham - Premier League 2024-2025_FotMob.html
24	1821076	Leicester 1 - 2 Aston Villa - Premier League 2024_2025.html	4506288	Leicester 1-2 Aston Villa - Premier League 2024-2025_FotMob.html
25	1821077	Nottingham Forest 1 - 1 Wolves - Premier League 2024_2025.html	4506291	Nottingham Forest 1-1 Wolves - Premier League 2024-2025_FotMob.html
26	1821078	West Ham 1 - 3 Manchester City - Premier League 2024_2025.html	4506292	West Ham 1-3 Manchester City - Premier League 2024-2025_FotMob.html
27	1821072	Newcastle 2 - 1 Tottenham - Premier League 2024_2025.html	4506290	Newcastle 2-1 Tottenham - Premier League 2024-2025_FotMob.html
28	1821073	Chelsea 1 - 1 Crystal Palace - Premier League 2024_2025.html	4506285	Chelsea 1-1 Crystal Palace - Premier League 2024-2025_FotMob.html
29	1821070	Manchester United 0 - 3 Liverpool - Premier League 2024_2025.html	4506289	Manchester United 0-3 Liverpool - Premier League 2024-2025_FotMob.html
30	1821081	Southampton 0 - 3 Manchester United - Premier League 2024_2025.html	4506300	Southampton 0-3 Manchester United - Premier League 2024-2025_FotMob.html
31	1821082	Brighton 0 - 0 Ipswich - Premier League 2024_2025.html	4506295	Brighton 0-0 Ipswich - Premier League 2024-2025_FotMob.html
32	1821087	Fulham 1 - 1 West Ham - Premier League 2024_2025.html	4506297	Fulham 1-1 West Ham - Premier League 2024-2025_FotMob.html
33	1821088	Liverpool 0 - 1 Nottingham Forest - Premier League 2024_2025.html	4506298	Liverpool 0-1 Nottingham Forest - Premier League 2024-2025_FotMob.html
34	1821084	Crystal Palace 2 - 2 Leicester - Premier League 2024_2025.html	4506296	Crystal Palace 2-2 Leicester - Premier League 2024-2025_FotMob.html
35	1821085	Manchester City 2 - 1 Brentford - Premier League 2024_2025.html	4506299	Manchester City 2-1 Brentford - Premier League 2024-2025_FotMob.html
36	1821079	Aston Villa 3 - 2 Everton - Premier League 2024_2025.html	4506294	Aston Villa 3-2 Everton - Premier League 2024-2025_FotMob.html
37	1821080	Bournemouth 0 - 1 Chelsea - Premier League 2024_2025.html	4506293	Bournemouth 0-1 Chelsea - Premier League 2024-2025_FotMob.html
38	1821083	Tottenham 0 - 1 Arsenal - Premier League 2024_2025.html	4506301	Tottenham 0-1 Arsenal - Premier League 2024-2025_FotMob.html
39	1821086	Wolves 1 - 2 Newcastle - Premier League 2024_2025.html	4506302	Wolves 1-2 Newcastle - Premier League 2024-2025_FotMob.html
40	1821098	West Ham 0 - 3 Chelsea - Premier League 2024_2025.html	4506312	West Ham 0-3 Chelsea - Premier League 2024-2025_FotMob.html
41	1821097	Southampton 1 - 1 Ipswich - Premier League 2024_2025.html	4506310	Southampton 1-1 Ipswich - Premier League 2024-2025_FotMob.html
42	1821094	Leicester 1 - 1 Everton - Premier League 2024_2025.html	4506307	Leicester 1-1 Everton - Premier League 2024-2025_FotMob.html
43	1821095	Liverpool 3 - 0 Bournemouth - Premier League 2024_2025.html	4506308	Liverpool 3-0 Bournemouth - Premier League 2024-2025_FotMob.html
44	1821092	Fulham 3 - 1 Newcastle - Premier League 2024_2025.html	4506306	Fulham 3-1 Newcastle - Premier League 2024-2025_FotMob.html
45	1821089	Aston Villa 3 - 1 Wolves - Premier League 2024_2025.html	4506303	Aston Villa 3-1 Wolves - Premier League 2024-2025_FotMob.html
46	1821090	Tottenham 3 - 1 Brentford - Premier League 2024_2025.html	4506311	Tottenham 3-1 Brentford - Premier League 2024-2025_FotMob.html
47	1821093	Crystal Palace 0 - 0 Manchester United - Premier League 2024_2025.html	4506305	Crystal Palace 0-0 Manchester United - Premier League 2024-2025_FotMob.html
48	1821091	Brighton 2 - 2 Nottingham Forest - Premier League 2024_2025.html	4506304	Brighton 2-2 Nottingham Forest - Premier League 2024-2025_FotMob.html
49	1821096	Manchester City 2 - 2 Arsenal - Premier League 2024_2025.html	4506309	Manchester City 2-2 Arsenal - Premier League 2024-2025_FotMob.html
50	1821105	Newcastle 1 - 1 Manchester City - Premier League 2024_2025.html	4506320	Newcastle 1-1 Manchester City - Premier League 2024-2025_FotMob.html
51	1821107	Nottingham Forest 0 - 1 Fulham - Premier League 2024_2025.html	4506321	Nottingham Forest 0-1 Fulham - Premier League 2024-2025_FotMob.html
52	1821104	Everton 2 - 1 Crystal Palace - Premier League 2024_2025.html	4506317	Everton 2-1 Crystal Palace - Premier League 2024-2025_FotMob.html
53	1821100	Arsenal 4 - 2 Leicester - Premier League 2024_2025.html	4506314	Arsenal 4-2 Leicester - Premier League 2024-2025_FotMob.html
54	1821101	Brentford 1 - 1 West Ham - Premier League 2024_2025.html	4506315	Brentford 1-1 West Ham - Premier League 2024-2025_FotMob.html
55	1821102	Chelsea 4 - 2 Brighton - Premier League 2024_2025.html	4506316	Chelsea 4-2 Brighton - Premier League 2024-2025_FotMob.html
56	1821108	Wolves 1 - 2 Liverpool - Premier League 2024_2025.html	4506322	Wolves 1-2 Liverpool - Premier League 2024-2025_FotMob.html
57	1821103	Ipswich 2 - 2 Aston Villa - Premier League 2024_2025.html	4506318	Ipswich 2-2 Aston Villa - Premier League 2024-2025_FotMob.html
58	1821106	Manchester United 0 - 3 Tottenham - Premier League 2024_2025.html	4506319	Manchester United 0-3 Tottenham - Premier League 2024-2025_FotMob.html
59	1821099	Bournemouth 3 - 1 Southampton - Premier League 2024_2025.html	4506313	Bournemouth 3-1 Southampton - Premier League 2024-2025_FotMob.html
60	1821115	Crystal Palace 0 - 1 Liverpool - Premier League 2024_2025.html	4506328	Crystal Palace 0-1 Liverpool - Premier League 2024-2025_FotMob.html
61	1821116	Leicester 1 - 0 Bournemouth - Premier League 2024_2025.html	4506330	Leicester 1-0 Bournemouth - Premier League 2024-2025_FotMob.html
62	1821117	Manchester City 3 - 2 Fulham - Premier League 2024_2025.html	4506331	Manchester City 3-2 Fulham - Premier League 2024-2025_FotMob.html
63	1821118	West Ham 4 - 1 Ipswich - Premier League 2024_2025.html	4506332	West Ham 4-1 Ipswich - Premier League 2024-2025_FotMob.html
64	1821109	Arsenal 3 - 1 Southampton - Premier League 2024_2025.html	4506323	Arsenal 3-1 Southampton - Premier League 2024-2025_FotMob.html
65	1821112	Brentford 5 - 3 Wolves - Premier League 2024_2025.html	4506325	Brentford 5-3 Wolves - Premier League 2024-2025_FotMob.html
66	1821111	Everton 0 - 0 Newcastle - Premier League 2024_2025.html	4506329	Everton 0-0 Newcastle - Premier League 2024-2025_FotMob.html
67	1821114	Chelsea 1 - 1 Nottingham Forest - Premier League 2024_2025.html	4506327	Chelsea 1-1 Nottingham Forest - Premier League 2024-2025_FotMob.html
68	1821110	Aston Villa 0 - 0 Manchester United - Premier League 2024_2025.html	4506324	Aston Villa 0-0 Manchester United - Premier League 2024-2025_FotMob.html
69	1821113	Brighton 3 - 2 Tottenham - Premier League 2024_2025.html	4506326	Brighton 3-2 Tottenham - Premier League 2024-2025_FotMob.html
70	1821151	Tottenham 4 - 1 West Ham - Premier League 2024_2025.html	4506401	Tottenham 4-1 West Ham - Premier League 2024-2025_FotMob.html
71	1821140	Manchester United 2 - 1 Brentford - Premier League 2024_2025.html	4506397	Manchester United 2-1 Brentford - Premier League 2024-2025_FotMob.html
72	1821143	Newcastle 0 - 1 Brighton - Premier League 2024_2025.html	4506398	Newcastle 0-1 Brighton - Premier League 2024-2025_FotMob.html
73	1821131	Fulham 1 - 3 Aston Villa - Premier League 2024_2025.html	4506394	Fulham 1-3 Aston Villa - Premier League 2024-2025_FotMob.html
74	1821149	Southampton 2 - 3 Leicester - Premier League 2024_2025.html	4506400	Southampton 2-3 Leicester - Premier League 2024-2025_FotMob.html
75	1821133	Ipswich 0 - 2 Everton - Premier League 2024_2025.html	4506395	Ipswich 0-2 Everton - Premier League 2024-2025_FotMob.html
76	1821129	Bournemouth 2 - 0 Arsenal - Premier League 2024_2025.html	4506393	Bournemouth 2-0 Arsenal - Premier League 2024-2025_FotMob.html
77	1821153	Wolves 1 - 2 Manchester City - Premier League 2024_2025.html	4506402	Wolves 1-2 Manchester City - Premier League 2024-2025_FotMob.html
78	1821136	Liverpool 2 - 1 Chelsea - Premier League 2024_2025.html	4506396	Liverpool 2-1 Chelsea - Premier League 2024-2025_FotMob.html
79	1821146	Nottingham Forest 1 - 0 Crystal Palace - Premier League 2024_2025.html	4506399	Nottingham Forest 1-0 Crystal Palace - Premier League 2024-2025_FotMob.html
80	1821209	Leicester 1 - 3 Nottingham Forest - Premier League 2024_2025.html	4506413	Leicester 1-3 Nottingham Forest - Premier League 2024-2025_FotMob.html
81	1821214	Manchester City 1 - 0 Southampton - Premier League 2024_2025.html	4506415	Manchester City 1-0 Southampton - Premier League 2024-2025_FotMob.html
82	1821190	Aston Villa 1 - 1 Bournemouth - Premier League 2024_2025.html	4506404	Aston Villa 1-1 Bournemouth - Premier League 2024-2025_FotMob.html
83	1821193	Brentford 4 - 3 Ipswich - Premier League 2024_2025.html	4506405	Brentford 4-3 Ipswich - Premier League 2024-2025_FotMob.html
84	1821195	Brighton 2 - 2 Wolves - Premier League 2024_2025.html	4506406	Brighton 2-2 Wolves - Premier League 2024-2025_FotMob.html
85	1821203	Everton 1 - 1 Fulham - Premier League 2024_2025.html	4506410	Everton 1-1 Fulham - Premier League 2024-2025_FotMob.html
86	1821218	West Ham 2 - 1 Manchester United - Premier League 2024_2025.html	4506417	West Ham 2-1 Manchester United - Premier League 2024-2025_FotMob.html
87	1821197	Chelsea 2 - 1 Newcastle - Premier League 2024_2025.html	4506407	Chelsea 2-1 Newcastle - Premier League 2024-2025_FotMob.html
88	1821201	Crystal Palace 1 - 0 Tottenham - Premier League 2024_2025.html	4506409	Crystal Palace 1-0 Tottenham - Premier League 2024-2025_FotMob.html
89	1821189	Arsenal 2 - 2 Liverpool - Premier League 2024_2025.html	4506403	Arsenal 2-2 Liverpool - Premier League 2024-2025_FotMob.html
90	1821251	Newcastle 1 - 0 Arsenal - Premier League 2024_2025.html	4506468	Newcastle 1-0 Arsenal - Premier League 2024-2025_FotMob.html
91	1821252	Ipswich 1 - 1 Leicester - Premier League 2024_2025.html	4506465	Ipswich 1-1 Leicester - Premier League 2024-2025_FotMob.html
92	1821253	Liverpool 2 - 1 Brighton - Premier League 2024_2025.html	4506466	Liverpool 2-1 Brighton - Premier League 2024-2025_FotMob.html
93	1821249	Bournemouth 2 - 1 Manchester City - Premier League 2024_2025.html	4506463	Bournemouth 2-1 Manchester City - Premier League 2024-2025_FotMob.html
94	1821255	Nottingham Forest 3 - 0 West Ham - Premier League 2024_2025.html	4506469	Nottingham Forest 3-0 West Ham - Premier League 2024-2025_FotMob.html
95	1821256	Southampton 1 - 0 Everton - Premier League 2024_2025.html	4506470	Southampton 1-0 Everton - Premier League 2024-2025_FotMob.html
96	1821258	Wolves 2 - 2 Crystal Palace - Premier League 2024_2025.html	4506472	Wolves 2-2 Crystal Palace - Premier League 2024-2025_FotMob.html
97	1821257	Tottenham 4 - 1 Aston Villa - Premier League 2024_2025.html	4506471	Tottenham 4-1 Aston Villa - Premier League 2024-2025_FotMob.html
98	1821254	Manchester United 1 - 1 Chelsea - Premier League 2024_2025.html	4506467	Manchester United 1-1 Chelsea - Premier League 2024-2025_FotMob.html
99	1821250	Fulham 2 - 1 Brentford - Premier League 2024_2025.html	4506464	Fulham 2-1 Brentford - Premier League 2024-2025_FotMob.html
100	1821259	Brentford 3 - 2 Bournemouth - Premier League 2024_2025.html	4506473	Brentford 3-2 Bournemouth - Premier League 2024-2025_FotMob.html
101	1821264	Crystal Palace 0 - 2 Fulham - Premier League 2024_2025.html	4506476	Crystal Palace 0-2 Fulham - Premier League 2024-2025_FotMob.html
102	1821273	West Ham 0 - 0 Everton - Premier League 2024_2025.html	4506481	West Ham 0-0 Everton - Premier League 2024-2025_FotMob.html
103	1821275	Wolves 2 - 0 Southampton - Premier League 2024_2025.html	4506482	Wolves 2-0 Southampton - Premier League 2024-2025_FotMob.html
104	1821260	Brighton 2 - 1 Manchester City - Premier League 2024_2025.html	4506474	Brighton 2-1 Manchester City - Premier League 2024-2025_FotMob.html
105	1821266	Liverpool 2 - 0 Aston Villa - Premier League 2024_2025.html	4506477	Liverpool 2-0 Aston Villa - Premier League 2024-2025_FotMob.html
106	1821268	Manchester United 3 - 0 Leicester - Premier League 2024_2025.html	4506478	Manchester United 3-0 Leicester - Premier League 2024-2025_FotMob.html
107	1821271	Tottenham 1 - 2 Ipswich - Premier League 2024_2025.html	4506480	Tottenham 1-2 Ipswich - Premier League 2024-2025_FotMob.html
108	1821261	Nottingham Forest 1 - 3 Newcastle - Premier League 2024_2025.html	4506479	Nottingham Forest 1-3 Newcastle - Premier League 2024-2025_FotMob.html
109	1821262	Chelsea 1 - 1 Arsenal - Premier League 2024_2025.html	4506475	Chelsea 1-1 Arsenal - Premier League 2024-2025_FotMob.html
110	1821326	Leicester 1 - 2 Chelsea - Premier League 2024_2025.html	4506539	Leicester 1-2 Chelsea - Premier League 2024-2025_FotMob.html
111	1821321	Arsenal 3 - 0 Nottingham Forest - Premier League 2024_2025.html	4506534	Arsenal 3-0 Nottingham Forest - Premier League 2024-2025_FotMob.html
112	1821322	Everton 0 - 0 Brentford - Premier League 2024_2025.html	4506536	Everton 0-0 Brentford - Premier League 2024-2025_FotMob.html
113	1821323	Aston Villa 2 - 2 Crystal Palace - Premier League 2024_2025.html	4506535	Aston Villa 2-2 Crystal Palace - Premier League 2024-2025_FotMob.html
114	1821324	Fulham 1 - 4 Wolves - Premier League 2024_2025.html	4506537	Fulham 1-4 Wolves - Premier League 2024-2025_FotMob.html
115	1821319	Bournemouth 1 - 2 Brighton - Premier League 2024_2025.html	4506533	Bournemouth 1-2 Brighton - Premier League 2024-2025_FotMob.html
116	1821327	Manchester City 0 - 4 Tottenham - Premier League 2024_2025.html	4506540	Manchester City 0-4 Tottenham - Premier League 2024-2025_FotMob.html
117	1821328	Southampton 2 - 3 Liverpool - Premier League 2024_2025.html	4506542	Southampton 2-3 Liverpool - Premier League 2024-2025_FotMob.html
118	1821325	Ipswich 1 - 1 Manchester United - Premier League 2024_2025.html	4506538	Ipswich 1-1 Manchester United - Premier League 2024-2025_FotMob.html
119	1821320	Newcastle 0 - 2 West Ham - Premier League 2024_2025.html	4506541	Newcastle 0-2 West Ham - Premier League 2024-2025_FotMob.html
120	1821205	Brighton 1 - 1 Southampton - Premier League 2024_2025.html	4506411	Brighton 1-1 Southampton - Premier League 2024-2025_FotMob.html
121	1821212	Crystal Palace 1 - 1 Newcastle - Premier League 2024_2025.html	4506414	Crystal Palace 1-1 Newcastle - Premier League 2024-2025_FotMob.html
122	1821222	Nottingham Forest 1 - 0 Ipswich - Premier League 2024_2025.html	4506419	Nottingham Forest 1-0 Ipswich - Premier League 2024-2025_FotMob.html
123	1821199	Brentford 4 - 1 Leicester - Premier League 2024_2025.html	4506408	Brentford 4-1 Leicester - Premier League 2024-2025_FotMob.html
124	1821228	Wolves 2 - 4 Bournemouth - Premier League 2024_2025.html	4506422	Wolves 2-4 Bournemouth - Premier League 2024-2025_FotMob.html
125	1821226	West Ham 2 - 5 Arsenal - Premier League 2024_2025.html	4506421	West Ham 2-5 Arsenal - Premier League 2024-2025_FotMob.html
126	1821224	Tottenham 1 - 1 Fulham - Premier League 2024_2025.html	4506420	Tottenham 1-1 Fulham - Premier League 2024-2025_FotMob.html
127	1821220	Manchester United 4 - 0 Everton - Premier League 2024_2025.html	4506418	Manchester United 4-0 Everton - Premier League 2024-2025_FotMob.html
128	1821207	Chelsea 3 - 0 Aston Villa - Premier League 2024_2025.html	4506412	Chelsea 3-0 Aston Villa - Premier League 2024-2025_FotMob.html
129	1821216	Liverpool 2 - 0 Manchester City - Premier League 2024_2025.html	4506416	Liverpool 2-0 Manchester City - Premier League 2024-2025_FotMob.html
130	1821239	Ipswich 0 - 1 Crystal Palace - Premier League 2024_2025.html	4506428	Ipswich 0-1 Crystal Palace - Premier League 2024-2025_FotMob.html
131	1821241	Leicester 3 - 1 West Ham - Premier League 2024_2025.html	4506429	Leicester 3-1 West Ham - Premier League 2024-2025_FotMob.html
132	1821243	Manchester City 3 - 0 Nottingham Forest - Premier League 2024_2025.html	4506430	Manchester City 3-0 Nottingham Forest - Premier League 2024-2025_FotMob.html
133	1821245	Newcastle 3 - 3 Liverpool - Premier League 2024_2025.html	4506431	Newcastle 3-3 Liverpool - Premier League 2024-2025_FotMob.html
134	1821246	Southampton 1 - 5 Chelsea - Premier League 2024_2025.html	4506432	Southampton 1-5 Chelsea - Premier League 2024-2025_FotMob.html
135	1821235	Everton 4 - 0 Wolves - Premier League 2024_2025.html	4506426	Everton 4-0 Wolves - Premier League 2024-2025_FotMob.html
136	1821232	Arsenal 2 - 0 Manchester United - Premier League 2024_2025.html	4506424	Arsenal 2-0 Manchester United - Premier League 2024-2025_FotMob.html
137	1821234	Aston Villa 3 - 1 Brentford - Premier League 2024_2025.html	4506425	Aston Villa 3-1 Brentford - Premier League 2024-2025_FotMob.html
138	1821237	Fulham 3 - 1 Brighton - Premier League 2024_2025.html	4506427	Fulham 3-1 Brighton - Premier League 2024-2025_FotMob.html
139	1821230	Bournemouth 1 - 0 Tottenham - Premier League 2024_2025.html	4506423	Bournemouth 1-0 Tottenham - Premier League 2024-2025_FotMob.html
140	1821191	Crystal Palace 2 - 2 Manchester City - Premier League 2024_2025.html	4506435	Crystal Palace 2-2 Manchester City - Premier League 2024-2025_FotMob.html
141	1821247	Aston Villa 1 - 0 Southampton - Premier League 2024_2025.html	4506433	Aston Villa 1-0 Southampton - Premier League 2024-2025_FotMob.html
142	1821248	Brentford 4 - 2 Newcastle - Premier League 2024_2025.html	4506434	Brentford 4-2 Newcastle - Premier League 2024-2025_FotMob.html
143	1821200	Manchester United 2 - 3 Nottingham Forest - Premier League 2024_2025.html	4506440	Manchester United 2-3 Nottingham Forest - Premier League 2024-2025_FotMob.html
144	1821194	Fulham 1 - 1 Arsenal - Premier League 2024_2025.html	4506437	Fulham 1-1 Arsenal - Premier League 2024-2025_FotMob.html
145	1821196	Ipswich 1 - 2 Bournemouth - Premier League 2024_2025.html	4506438	Ipswich 1-2 Bournemouth - Premier League 2024-2025_FotMob.html
146	1821198	Leicester 2 - 2 Brighton - Premier League 2024_2025.html	4506439	Leicester 2-2 Brighton - Premier League 2024-2025_FotMob.html
147	1821202	Tottenham 3 - 4 Chelsea - Premier League 2024_2025.html	4506441	Tottenham 3-4 Chelsea - Premier League 2024-2025_FotMob.html
148	1821204	West Ham 2 - 1 Wolves - Premier League 2024_2025.html	4506442	West Ham 2-1 Wolves - Premier League 2024-2025_FotMob.html
149	1821217	Newcastle 4 - 0 Leicester - Premier League 2024_2025.html	4506449	Newcastle 4-0 Leicester - Premier League 2024-2025_FotMob.html
150	1821213	Liverpool 2 - 2 Fulham - Premier League 2024_2025.html	4506447	Liverpool 2-2 Fulham - Premier League 2024-2025_FotMob.html
151	1821208	Arsenal 0 - 0 Everton - Premier League 2024_2025.html	4506444	Arsenal 0-0 Everton - Premier League 2024-2025_FotMob.html
152	1821223	Wolves 1 - 2 Ipswich - Premier League 2024_2025.html	4506452	Wolves 1-2 Ipswich - Premier League 2024-2025_FotMob.html
153	1821219	Nottingham Forest 2 - 1 Aston Villa - Premier League 2024_2025.html	4506450	Nottingham Forest 2-1 Aston Villa - Premier League 2024-2025_FotMob.html
154	1821210	Brighton 1 - 3 Crystal Palace - Premier League 2024_2025.html	4506445	Brighton 1-3 Crystal Palace - Premier League 2024-2025_FotMob.html
155	1821215	Manchester City 1 - 2 Manchester United - Premier League 2024_2025.html	4506448	Manchester City 1-2 Manchester United - Premier League 2024-2025_FotMob.html
156	1821211	Chelsea 2 - 1 Brentford - Premier League 2024_2025.html	4506446	Chelsea 2-1 Brentford - Premier League 2024-2025_FotMob.html
157	1821221	Southampton 0 - 5 Tottenham - Premier League 2024_2025.html	4506451	Southampton 0-5 Tottenham - Premier League 2024-2025_FotMob.html
158	1821206	Bournemouth 1 - 1 West Ham - Premier League 2024_2025.html	4506443	Bournemouth 1-1 West Ham - Premier League 2024-2025_FotMob.html
159	1821225	Aston Villa 2 - 1 Manchester City - Premier League 2024_2025.html	4506453	Aston Villa 2-1 Manchester City - Premier League 2024-2025_FotMob.html
160	1821227	Brentford 0 - 2 Nottingham Forest - Premier League 2024_2025.html	4506454	Brentford 0-2 Nottingham Forest - Premier League 2024-2025_FotMob.html
161	1821236	Ipswich 0 - 4 Newcastle - Premier League 2024_2025.html	4506458	Ipswich 0-4 Newcastle - Premier League 2024-2025_FotMob.html
162	1821244	West Ham 1 - 1 Brighton - Premier League 2024_2025.html	4506462	West Ham 1-1 Brighton - Premier League 2024-2025_FotMob.html
163	1821229	Crystal Palace 1 - 5 Arsenal - Premier League 2024_2025.html	4506455	Crystal Palace 1-5 Arsenal - Premier League 2024-2025_FotMob.html
164	1821231	Everton 0 - 0 Chelsea - Premier League 2024_2025.html	4506456	Everton 0-0 Chelsea - Premier League 2024-2025_FotMob.html
165	1821233	Fulham 0 - 0 Southampton - Premier League 2024_2025.html	4506457	Fulham 0-0 Southampton - Premier League 2024-2025_FotMob.html
166	1821238	Leicester 0 - 3 Wolves - Premier League 2024_2025.html	4506459	Leicester 0-3 Wolves - Premier League 2024-2025_FotMob.html
167	1821240	Manchester United 0 - 3 Bournemouth - Premier League 2024_2025.html	4506460	Manchester United 0-3 Bournemouth - Premier League 2024-2025_FotMob.html
168	1821242	Tottenham 3 - 6 Liverpool - Premier League 2024_2025.html	4506461	Tottenham 3-6 Liverpool - Premier League 2024-2025_FotMob.html
169	1821272	Manchester City 1 - 1 Everton - Premier League 2024_2025.html	4506488	Manchester City 1-1 Everton - Premier League 2024-2025_FotMob.html
170	1821274	Newcastle 3 - 0 Aston Villa - Premier League 2024_2025.html	4506489	Newcastle 3-0 Aston Villa - Premier League 2024-2025_FotMob.html
171	1821276	Nottingham Forest 1 - 0 Tottenham - Premier League 2024_2025.html	4506490	Nottingham Forest 1-0 Tottenham - Premier League 2024-2025_FotMob.html
172	1821277	Southampton 0 - 1 West Ham - Premier League 2024_2025.html	4506491	Southampton 0-1 West Ham - Premier League 2024-2025_FotMob.html
173	1821263	Bournemouth 0 - 0 Crystal Palace - Premier League 2024_2025.html	4506483	Bournemouth 0-0 Crystal Palace - Premier League 2024-2025_FotMob.html
174	1821269	Chelsea 1 - 2 Fulham - Premier League 2024_2025.html	4506486	Chelsea 1-2 Fulham - Premier League 2024-2025_FotMob.html
175	1821278	Wolves 2 - 0 Manchester United - Premier League 2024_2025.html	4506492	Wolves 2-0 Manchester United - Premier League 2024-2025_FotMob.html
176	1821270	Liverpool 3 - 1 Leicester - Premier League 2024_2025.html	4506487	Liverpool 3-1 Leicester - Premier League 2024-2025_FotMob.html
177	1821267	Brighton 0 - 0 Brentford - Premier League 2024_2025.html	4506485	Brighton 0-0 Brentford - Premier League 2024-2025_FotMob.html
178	1821265	Arsenal 1 - 0 Ipswich - Premier League 2024_2025.html	4506484	Arsenal 1-0 Ipswich - Premier League 2024-2025_FotMob.html
179	1821293	Leicester 0 - 2 Manchester City - Premier League 2024_2025.html	4506499	Leicester 0-2 Manchester City - Premier League 2024-2025_FotMob.html
180	1821295	Tottenham 2 - 2 Wolves - Premier League 2024_2025.html	4506501	Tottenham 2-2 Wolves - Premier League 2024-2025_FotMob.html
181	1821281	Crystal Palace 2 - 1 Southampton - Premier League 2024_2025.html	4506495	Crystal Palace 2-1 Southampton - Premier League 2024-2025_FotMob.html
182	1821282	Everton 0 - 2 Nottingham Forest - Premier League 2024_2025.html	4506496	Everton 0-2 Nottingham Forest - Premier League 2024-2025_FotMob.html
183	1821283	Fulham 2 - 2 Bournemouth - Premier League 2024_2025.html	4506497	Fulham 2-2 Bournemouth - Premier League 2024-2025_FotMob.html
184	1821296	West Ham 0 - 5 Liverpool - Premier League 2024_2025.html	4506502	West Ham 0-5 Liverpool - Premier League 2024-2025_FotMob.html
185	1821284	Ipswich 2 - 0 Chelsea - Premier League 2024_2025.html	4506498	Ipswich 2-0 Chelsea - Premier League 2024-2025_FotMob.html
186	1821279	Aston Villa 2 - 2 Brighton - Premier League 2024_2025.html	4506493	Aston Villa 2-2 Brighton - Premier League 2024-2025_FotMob.html
187	1821294	Manchester United 0 - 2 Newcastle - Premier League 2024_2025.html	4506500	Manchester United 0-2 Newcastle - Premier League 2024-2025_FotMob.html
188	1821280	Brentford 1 - 3 Arsenal - Premier League 2024_2025.html	4506494	Brentford 1-3 Arsenal - Premier League 2024-2025_FotMob.html
189	1821305	Tottenham 1 - 2 Newcastle - Premier League 2024_2025.html	4506511	Tottenham 1-2 Newcastle - Premier League 2024-2025_FotMob.html
190	1821303	Manchester City 4 - 1 West Ham - Premier League 2024_2025.html	4506509	Manchester City 4-1 West Ham - Premier League 2024-2025_FotMob.html
191	1821304	Southampton 0 - 5 Brentford - Premier League 2024_2025.html	4506510	Southampton 0-5 Brentford - Premier League 2024-2025_FotMob.html
192	1821297	Bournemouth 1 - 0 Everton - Premier League 2024_2025.html	4506503	Bournemouth 1-0 Everton - Premier League 2024-2025_FotMob.html
193	1821298	Aston Villa 2 - 1 Leicester - Premier League 2024_2025.html	4506504	Aston Villa 2-1 Leicester - Premier League 2024-2025_FotMob.html
194	1821300	Crystal Palace 1 - 1 Chelsea - Premier League 2024_2025.html	4506506	Crystal Palace 1-1 Chelsea - Premier League 2024-2025_FotMob.html
195	1821299	Brighton 1 - 1 Arsenal - Premier League 2024_2025.html	4506505	Brighton 1-1 Arsenal - Premier League 2024-2025_FotMob.html
196	1821301	Fulham 2 - 2 Ipswich - Premier League 2024_2025.html	4506507	Fulham 2-2 Ipswich - Premier League 2024-2025_FotMob.html
197	1821302	Liverpool 2 - 2 Manchester United - Premier League 2024_2025.html	4506508	Liverpool 2-2 Manchester United - Premier League 2024-2025_FotMob.html
198	1821306	Wolves 0 - 3 Nottingham Forest - Premier League 2024_2025.html	4506512	Wolves 0-3 Nottingham Forest - Premier League 2024-2025_FotMob.html
199	1821308	Brentford 2 - 2 Manchester City - Premier League 2024_2025.html	4506514	Brentford 2-2 Manchester City - Premier League 2024-2025_FotMob.html
200	1821313	West Ham 3 - 2 Fulham - Premier League 2024_2025.html	4506519	West Ham 3-2 Fulham - Premier League 2024-2025_FotMob.html
201	1821314	Chelsea 2 - 2 Bournemouth - Premier League 2024_2025.html	4506520	Chelsea 2-2 Bournemouth - Premier League 2024-2025_FotMob.html
202	1821312	Nottingham Forest 1 - 1 Liverpool - Premier League 2024_2025.html	4506518	Nottingham Forest 1-1 Liverpool - Premier League 2024-2025_FotMob.html
203	1821315	Newcastle 3 - 0 Wolves - Premier League 2024_2025.html	4506521	Newcastle 3-0 Wolves - Premier League 2024-2025_FotMob.html
204	1821309	Everton 0 - 1 Aston Villa - Premier League 2024_2025.html	4506515	Everton 0-1 Aston Villa - Premier League 2024-2025_FotMob.html
205	1821311	Leicester 0 - 2 Crystal Palace - Premier League 2024_2025.html	4506517	Leicester 0-2 Crystal Palace - Premier League 2024-2025_FotMob.html
206	1821307	Arsenal 2 - 1 Tottenham - Premier League 2024_2025.html	4506513	Arsenal 2-1 Tottenham - Premier League 2024-2025_FotMob.html
207	1821310	Ipswich 0 - 2 Brighton - Premier League 2024_2025.html	4506516	Ipswich 0-2 Brighton - Premier League 2024-2025_FotMob.html
208	1821316	Manchester United 3 - 1 Southampton - Premier League 2024_2025.html	4506522	Manchester United 3-1 Southampton - Premier League 2024-2025_FotMob.html
209	1821290	Newcastle 1 - 4 Bournemouth - Premier League 2024_2025.html	4506530	Newcastle 1-4 Bournemouth - Premier League 2024-2025_FotMob.html
210	1821288	Leicester 0 - 2 Fulham - Premier League 2024_2025.html	4506528	Leicester 0-2 Fulham - Premier League 2024-2025_FotMob.html
211	1821292	West Ham 0 - 2 Crystal Palace - Premier League 2024_2025.html	4506532	West Ham 0-2 Crystal Palace - Premier League 2024-2025_FotMob.html
212	1821318	Brentford 0 - 2 Liverpool - Premier League 2024_2025.html	4506524	Brentford 0-2 Liverpool - Premier League 2024-2025_FotMob.html
213	1821317	Arsenal 2 - 2 Aston Villa - Premier League 2024_2025.html	4506523	Arsenal 2-2 Aston Villa - Premier League 2024-2025_FotMob.html
214	1821289	Manchester United 1 - 3 Brighton - Premier League 2024_2025.html	4506529	Manchester United 1-3 Brighton - Premier League 2024-2025_FotMob.html
215	1821291	Nottingham Forest 3 - 2 Southampton - Premier League 2024_2025.html	4506531	Nottingham Forest 3-2 Southampton - Premier League 2024-2025_FotMob.html
216	1821286	Everton 3 - 2 Tottenham - Premier League 2024_2025.html	4506526	Everton 3-2 Tottenham - Premier League 2024-2025_FotMob.html
217	1821287	Ipswich 0 - 6 Manchester City - Premier League 2024_2025.html	4506527	Ipswich 0-6 Manchester City - Premier League 2024-2025_FotMob.html
218	1821285	Chelsea 3 - 1 Wolves - Premier League 2024_2025.html	4506525	Chelsea 3-1 Wolves - Premier League 2024-2025_FotMob.html
219	1821389	Bournemouth 5 - 0 Nottingham Forest - Premier League 2024_2025.html	4506603	Bournemouth 5-0 Nottingham Forest - Premier League 2024-2025_FotMob.html
220	1821393	Brighton 0 - 1 Everton - Premier League 2024_2025.html	4506605	Brighton 0-1 Everton - Premier League 2024-2025_FotMob.html
221	1821399	Liverpool 4 - 1 Ipswich - Premier League 2024_2025.html	4506608	Liverpool 4-1 Ipswich - Premier League 2024-2025_FotMob.html
222	1821403	Southampton 1 - 3 Newcastle - Premier League 2024_2025.html	4506610	Southampton 1-3 Newcastle - Premier League 2024-2025_FotMob.html
223	1821405	Wolves 0 - 1 Arsenal - Premier League 2024_2025.html	4506612	Wolves 0-1 Arsenal - Premier League 2024-2025_FotMob.html
224	1821401	Manchester City 3 - 1 Chelsea - Premier League 2024_2025.html	4506609	Manchester City 3-1 Chelsea - Premier League 2024-2025_FotMob.html
225	1821404	Tottenham 1 - 2 Leicester - Premier League 2024_2025.html	4506611	Tottenham 1-2 Leicester - Premier League 2024-2025_FotMob.html
226	1821395	Crystal Palace 1 - 2 Brentford - Premier League 2024_2025.html	4506606	Crystal Palace 1-2 Brentford - Premier League 2024-2025_FotMob.html
227	1821391	Aston Villa 1 - 1 West Ham - Premier League 2024_2025.html	4506604	Aston Villa 1-1 West Ham - Premier League 2024-2025_FotMob.html
228	1821397	Fulham 0 - 1 Manchester United - Premier League 2024_2025.html	4506607	Fulham 0-1 Manchester United - Premier League 2024-2025_FotMob.html
229	1821414	Nottingham Forest 7 - 0 Brighton - Premier League 2024_2025.html	4506621	Nottingham Forest 7-0 Brighton - Premier League 2024-2025_FotMob.html
230	1821413	Newcastle 1 - 2 Fulham - Premier League 2024_2025.html	4506620	Newcastle 1-2 Fulham - Premier League 2024-2025_FotMob.html
231	1821406	Bournemouth 0 - 2 Liverpool - Premier League 2024_2025.html	4506613	Bournemouth 0-2 Liverpool - Premier League 2024-2025_FotMob.html
232	1821410	Everton 4 - 0 Leicester - Premier League 2024_2025.html	4506617	Everton 4-0 Leicester - Premier League 2024-2025_FotMob.html
233	1821411	Ipswich 1 - 2 Southampton - Premier League 2024_2025.html	4506618	Ipswich 1-2 Southampton - Premier League 2024-2025_FotMob.html
234	1821415	Wolves 2 - 0 Aston Villa - Premier League 2024_2025.html	4506622	Wolves 2-0 Aston Villa - Premier League 2024-2025_FotMob.html
235	1821412	Manchester United 0 - 2 Crystal Palace - Premier League 2024_2025.html	4506619	Manchester United 0-2 Crystal Palace - Premier League 2024-2025_FotMob.html
236	1821408	Brentford 0 - 2 Tottenham - Premier League 2024_2025.html	4506615	Brentford 0-2 Tottenham - Premier League 2024-2025_FotMob.html
237	1821407	Arsenal 5 - 1 Manchester City - Premier League 2024_2025.html	4506614	Arsenal 5-1 Manchester City - Premier League 2024-2025_FotMob.html
238	1821409	Chelsea 2 - 1 West Ham - Premier League 2024_2025.html	4506616	Chelsea 2-1 West Ham - Premier League 2024-2025_FotMob.html
239	1821192	Everton 2 - 2 Liverpool - Premier League 2024_2025.html	4506436	Everton 2-2 Liverpool - Premier League 2024-2025_FotMob.html
240	1821417	Brighton 3 - 0 Chelsea - Premier League 2024_2025.html	4506624	Brighton 3-0 Chelsea - Premier League 2024-2025_FotMob.html
241	1821420	Leicester 0 - 2 Arsenal - Premier League 2024_2025.html	4506627	Leicester 0-2 Arsenal - Premier League 2024-2025_FotMob.html
242	1821416	Aston Villa 1 - 1 Ipswich - Premier League 2024_2025.html	4506623	Aston Villa 1-1 Ipswich - Premier League 2024-2025_FotMob.html
243	1821425	West Ham 0 - 1 Brentford - Premier League 2024_2025.html	4506632	West Ham 0-1 Brentford - Premier League 2024-2025_FotMob.html
244	1821422	Manchester City 4 - 0 Newcastle - Premier League 2024_2025.html	4506629	Manchester City 4-0 Newcastle - Premier League 2024-2025_FotMob.html
245	1821423	Southampton 1 - 3 Bournemouth - Premier League 2024_2025.html	4506630	Southampton 1-3 Bournemouth - Premier League 2024-2025_FotMob.html
246	1821419	Fulham 2 - 1 Nottingham Forest - Premier League 2024_2025.html	4506626	Fulham 2-1 Nottingham Forest - Premier League 2024-2025_FotMob.html
247	1821418	Crystal Palace 1 - 2 Everton - Premier League 2024_2025.html	4506625	Crystal Palace 1-2 Everton - Premier League 2024-2025_FotMob.html
248	1821421	Liverpool 2 - 1 Wolves - Premier League 2024_2025.html	4506628	Liverpool 2-1 Wolves - Premier League 2024-2025_FotMob.html
249	1821424	Tottenham 1 - 0 Manchester United - Premier League 2024_2025.html	4506631	Tottenham 1-0 Manchester United - Premier League 2024-2025_FotMob.html
250	1821173	Aston Villa 2 - 2 Liverpool - Premier League 2024_2025.html	4506355	Aston Villa 2-2 Liverpool - Premier League 2024-2025_FotMob.html
251	1821396	Leicester 0 - 4 Brentford - Premier League 2024_2025.html	4506639	Leicester 0-4 Brentford - Premier League 2024-2025_FotMob.html
252	1821390	Everton 2 - 2 Manchester United - Premier League 2024_2025.html	4506636	Everton 2-2 Manchester United - Premier League 2024-2025_FotMob.html
253	1821392	Fulham 0 - 2 Crystal Palace - Premier League 2024_2025.html	4506637	Fulham 0-2 Crystal Palace - Premier League 2024-2025_FotMob.html
254	1821394	Ipswich 1 - 4 Tottenham - Premier League 2024_2025.html	4506638	Ipswich 1-4 Tottenham - Premier League 2024-2025_FotMob.html
255	1821402	Southampton 0 - 4 Brighton - Premier League 2024_2025.html	4506642	Southampton 0-4 Brighton - Premier League 2024-2025_FotMob.html
256	1821426	Bournemouth 0 - 1 Wolves - Premier League 2024_2025.html	4506633	Bournemouth 0-1 Wolves - Premier League 2024-2025_FotMob.html
257	1821427	Arsenal 0 - 1 West Ham - Premier League 2024_2025.html	4506634	Arsenal 0-1 West Ham - Premier League 2024-2025_FotMob.html
258	1821428	Aston Villa 2 - 1 Chelsea - Premier League 2024_2025.html	4506635	Aston Villa 2-1 Chelsea - Premier League 2024-2025_FotMob.html
259	1821400	Newcastle 4 - 3 Nottingham Forest - Premier League 2024_2025.html	4506641	Newcastle 4-3 Nottingham Forest - Premier League 2024-2025_FotMob.html
260	1821398	Manchester City 0 - 2 Liverpool - Premier League 2024_2025.html	4506640	Manchester City 0-2 Liverpool - Premier League 2024-2025_FotMob.html
261	1821125	Brighton 2 - 1 Bournemouth - Premier League 2024_2025.html	4506334	Brighton 2-1 Bournemouth - Premier League 2024-2025_FotMob.html
262	1821134	Wolves 1 - 2 Fulham - Premier League 2024_2025.html	4506338	Wolves 1-2 Fulham - Premier League 2024-2025_FotMob.html
263	1821137	Crystal Palace 4 - 1 Aston Villa - Premier League 2024_2025.html	4506339	Crystal Palace 4-1 Aston Villa - Premier League 2024-2025_FotMob.html
264	1821138	Chelsea 4 - 0 Southampton - Premier League 2024_2025.html	4506340	Chelsea 4-0 Southampton - Premier League 2024-2025_FotMob.html
265	1821128	Nottingham Forest 0 - 0 Arsenal - Premier League 2024_2025.html	4506335	Nottingham Forest 0-0 Arsenal - Premier League 2024-2025_FotMob.html
266	1821130	Tottenham 0 - 1 Manchester City - Premier League 2024_2025.html	4506336	Tottenham 0-1 Manchester City - Premier League 2024-2025_FotMob.html
267	1821122	Brentford 1 - 1 Everton - Premier League 2024_2025.html	4506333	Brentford 1-1 Everton - Premier League 2024-2025_FotMob.html
268	1821145	Manchester United 3 - 2 Ipswich - Premier League 2024_2025.html	4506342	Manchester United 3-2 Ipswich - Premier League 2024-2025_FotMob.html
269	1821142	Liverpool 2 - 0 Newcastle - Premier League 2024_2025.html	4506341	Liverpool 2-0 Newcastle - Premier League 2024-2025_FotMob.html
270	1821132	West Ham 2 - 0 Leicester - Premier League 2024_2025.html	4506337	West Ham 2-0 Leicester - Premier League 2024-2025_FotMob.html
271	1821161	Nottingham Forest 1 - 0 Manchester City - Premier League 2024_2025.html	4506349	Nottingham Forest 1-0 Manchester City - Premier League 2024-2025_FotMob.html
272	1821155	Crystal Palace 1 - 0 Ipswich - Premier League 2024_2025.html	4506346	Crystal Palace 1-0 Ipswich - Premier League 2024-2025_FotMob.html
273	1821157	Liverpool 3 - 1 Southampton - Premier League 2024_2025.html	4506347	Liverpool 3-1 Southampton - Premier League 2024-2025_FotMob.html
274	1821150	Brighton 2 - 1 Fulham - Premier League 2024_2025.html	4506344	Brighton 2-1 Fulham - Premier League 2024-2025_FotMob.html
275	1821147	Brentford 0 - 1 Aston Villa - Premier League 2024_2025.html	4506343	Brentford 0-1 Aston Villa - Premier League 2024-2025_FotMob.html
276	1821167	Wolves 1 - 1 Everton - Premier League 2024_2025.html	4506352	Wolves 1-1 Everton - Premier League 2024-2025_FotMob.html
277	1821152	Chelsea 1 - 0 Leicester - Premier League 2024_2025.html	4506345	Chelsea 1-0 Leicester - Premier League 2024-2025_FotMob.html
278	1821163	Tottenham 2 - 2 Bournemouth - Premier League 2024_2025.html	4506350	Tottenham 2-2 Bournemouth - Premier League 2024-2025_FotMob.html
279	1821159	Manchester United 1 - 1 Arsenal - Premier League 2024_2025.html	4506348	Manchester United 1-1 Arsenal - Premier League 2024-2025_FotMob.html
280	1821165	West Ham 0 - 1 Newcastle - Premier League 2024_2025.html	4506351	West Ham 0-1 Newcastle - Premier League 2024-2025_FotMob.html
281	1821121	Southampton 1 - 2 Wolves - Premier League 2024_2025.html	4506362	Southampton 1-2 Wolves - Premier League 2024-2025_FotMob.html
282	1821175	Everton 1 - 1 West Ham - Premier League 2024_2025.html	4506356	Everton 1-1 West Ham - Premier League 2024-2025_FotMob.html
283	1821179	Ipswich 2 - 4 Nottingham Forest - Premier League 2024_2025.html	4506358	Ipswich 2-4 Nottingham Forest - Premier League 2024-2025_FotMob.html
284	1821183	Manchester City 2 - 2 Brighton - Premier League 2024_2025.html	4506360	Manchester City 2-2 Brighton - Premier League 2024-2025_FotMob.html
285	1821169	Bournemouth 1 - 2 Brentford - Premier League 2024_2025.html	4506353	Bournemouth 1-2 Brentford - Premier League 2024-2025_FotMob.html
286	1821171	Arsenal 1 - 0 Chelsea - Premier League 2024_2025.html	4506354	Arsenal 1-0 Chelsea - Premier League 2024-2025_FotMob.html
287	1821177	Fulham 2 - 0 Tottenham - Premier League 2024_2025.html	4506357	Fulham 2-0 Tottenham - Premier League 2024-2025_FotMob.html
288	1821181	Leicester 0 - 3 Manchester United - Premier League 2024_2025.html	4506359	Leicester 0-3 Manchester United - Premier League 2024-2025_FotMob.html
289	1821127	Arsenal 2 - 1 Fulham - Premier League 2024_2025.html	4506364	Arsenal 2-1 Fulham - Premier League 2024-2025_FotMob.html
290	1821141	Wolves 1 - 0 West Ham - Premier League 2024_2025.html	4506367	Wolves 1-0 West Ham - Premier League 2024-2025_FotMob.html
291	1821139	Nottingham Forest 1 - 0 Manchester United - Premier League 2024_2025.html	4506366	Nottingham Forest 1-0 Manchester United - Premier League 2024-2025_FotMob.html
292	1821135	Brighton 0 - 3 Aston Villa - Premier League 2024_2025.html	4506365	Brighton 0-3 Aston Villa - Premier League 2024-2025_FotMob.html
293	1821124	Bournemouth 1 - 2 Ipswich - Premier League 2024_2025.html	4506363	Bournemouth 1-2 Ipswich - Premier League 2024-2025_FotMob.html
294	1821148	Manchester City 2 - 0 Leicester - Premier League 2024_2025.html	4506369	Manchester City 2-0 Leicester - Premier League 2024-2025_FotMob.html
295	1821154	Newcastle 2 - 1 Brentford - Premier League 2024_2025.html	4506370	Newcastle 2-1 Brentford - Premier League 2024-2025_FotMob.html
296	1821156	Southampton 1 - 1 Crystal Palace - Premier League 2024_2025.html	4506371	Southampton 1-1 Crystal Palace - Premier League 2024-2025_FotMob.html
297	1821158	Liverpool 1 - 0 Everton - Premier League 2024_2025.html	4506372	Liverpool 1-0 Everton - Premier League 2024-2025_FotMob.html
298	1821144	Chelsea 1 - 0 Tottenham - Premier League 2024_2025.html	4506368	Chelsea 1-0 Tottenham - Premier League 2024-2025_FotMob.html
299	1821166	Everton 1 - 1 Arsenal - Premier League 2024_2025.html	4506376	Everton 1-1 Arsenal - Premier League 2024-2025_FotMob.html
300	1821170	Ipswich 1 - 2 Wolves - Premier League 2024_2025.html	4506378	Ipswich 1-2 Wolves - Premier League 2024-2025_FotMob.html
301	1821164	Crystal Palace 2 - 1 Brighton - Premier League 2024_2025.html	4506375	Crystal Palace 2-1 Brighton - Premier League 2024-2025_FotMob.html
302	1821178	West Ham 2 - 2 Bournemouth - Premier League 2024_2025.html	4506382	West Ham 2-2 Bournemouth - Premier League 2024-2025_FotMob.html
303	1821160	Aston Villa 2 - 1 Nottingham Forest - Premier League 2024_2025.html	4506373	Aston Villa 2-1 Nottingham Forest - Premier League 2024-2025_FotMob.html
304	1821162	Brentford 0 - 0 Chelsea - Premier League 2024_2025.html	4506374	Brentford 0-0 Chelsea - Premier League 2024-2025_FotMob.html
305	1821168	Fulham 3 - 2 Liverpool - Premier League 2024_2025.html	4506377	Fulham 3-2 Liverpool - Premier League 2024-2025_FotMob.html
306	1821176	Tottenham 3 - 1 Southampton - Premier League 2024_2025.html	4506381	Tottenham 3-1 Southampton - Premier League 2024-2025_FotMob.html
307	1821174	Manchester United 0 - 0 Manchester City - Premier League 2024_2025.html	4506380	Manchester United 0-0 Manchester City - Premier League 2024-2025_FotMob.html
308	1821172	Leicester 0 - 3 Newcastle - Premier League 2024_2025.html	4506379	Leicester 0-3 Newcastle - Premier League 2024-2025_FotMob.html
309	1821187	Manchester City 5 - 2 Crystal Palace - Premier League 2024_2025.html	4506388	Manchester City 5-2 Crystal Palace - Premier League 2024-2025_FotMob.html
310	1821184	Brighton 2 - 2 Leicester - Premier League 2024_2025.html	4506385	Brighton 2-2 Leicester - Premier League 2024-2025_FotMob.html
311	1821120	Nottingham Forest 0 - 1 Everton - Premier League 2024_2025.html	4506390	Nottingham Forest 0-1 Everton - Premier League 2024-2025_FotMob.html
312	1821123	Southampton 0 - 3 Aston Villa - Premier League 2024_2025.html	4506391	Southampton 0-3 Aston Villa - Premier League 2024-2025_FotMob.html
313	1821182	Arsenal 1 - 1 Brentford - Premier League 2024_2025.html	4506384	Arsenal 1-1 Brentford - Premier League 2024-2025_FotMob.html
314	1821185	Chelsea 2 - 2 Ipswich - Premier League 2024_2025.html	4506386	Chelsea 2-2 Ipswich - Premier League 2024-2025_FotMob.html
315	1821186	Liverpool 2 - 1 West Ham - Premier League 2024_2025.html	4506387	Liverpool 2-1 West Ham - Premier League 2024-2025_FotMob.html
316	1821126	Wolves 4 - 2 Tottenham - Premier League 2024_2025.html	4506392	Wolves 4-2 Tottenham - Premier League 2024-2025_FotMob.html
317	1821188	Newcastle 4 - 1 Manchester United - Premier League 2024_2025.html	4506389	Newcastle 4-1 Manchester United - Premier League 2024-2025_FotMob.html
318	1821180	Bournemouth 1 - 0 Fulham - Premier League 2024_2025.html	4506383	Bournemouth 1-0 Fulham - Premier League 2024-2025_FotMob.html
319	1821119	Newcastle 5 - 0 Crystal Palace - Premier League 2024_2025.html	4506361	Newcastle 5-0 Crystal Palace - Premier League 2024-2025_FotMob.html
320	1821334	Brentford 4 - 2 Brighton - Premier League 2024_2025.html	4506544	Brentford 4-2 Brighton - Premier League 2024-2025_FotMob.html
321	1821337	Crystal Palace 0 - 0 Bournemouth - Premier League 2024_2025.html	4506545	Crystal Palace 0-0 Bournemouth - Premier League 2024-2025_FotMob.html
322	1821340	Everton 0 - 2 Manchester City - Premier League 2024_2025.html	4506546	Everton 0-2 Manchester City - Premier League 2024-2025_FotMob.html
323	1821356	West Ham 1 - 1 Southampton - Premier League 2024_2025.html	4506552	West Ham 1-1 Southampton - Premier League 2024-2025_FotMob.html
324	1821329	Aston Villa 4 - 1 Newcastle - Premier League 2024_2025.html	4506543	Aston Villa 4-1 Newcastle - Premier League 2024-2025_FotMob.html
325	1821343	Fulham 1 - 2 Chelsea - Premier League 2024_2025.html	4506547	Fulham 1-2 Chelsea - Premier League 2024-2025_FotMob.html
326	1821346	Ipswich 0 - 4 Arsenal - Premier League 2024_2025.html	4506548	Ipswich 0-4 Arsenal - Premier League 2024-2025_FotMob.html
327	1821352	Manchester United 0 - 1 Wolves - Premier League 2024_2025.html	4506550	Manchester United 0-1 Wolves - Premier League 2024-2025_FotMob.html
328	1821350	Leicester 0 - 1 Liverpool - Premier League 2024_2025.html	4506549	Leicester 0-1 Liverpool - Premier League 2024-2025_FotMob.html
329	1821354	Tottenham 1 - 2 Nottingham Forest - Premier League 2024_2025.html	4506551	Tottenham 1-2 Nottingham Forest - Premier League 2024-2025_FotMob.html
330	1821368	Manchester City 2 - 1 Aston Villa - Premier League 2024_2025.html	4506558	Manchester City 2-1 Aston Villa - Premier League 2024-2025_FotMob.html
331	1821360	Arsenal 2 - 2 Crystal Palace - Premier League 2024_2025.html	4506554	Arsenal 2-2 Crystal Palace - Premier League 2024-2025_FotMob.html
332	1821364	Chelsea 1 - 0 Everton - Premier League 2024_2025.html	4506556	Chelsea 1-0 Everton - Premier League 2024-2025_FotMob.html
333	1821362	Brighton 3 - 2 West Ham - Premier League 2024_2025.html	4506555	Brighton 3-2 West Ham - Premier League 2024-2025_FotMob.html
334	1821371	Newcastle 3 - 0 Ipswich - Premier League 2024_2025.html	4506559	Newcastle 3-0 Ipswich - Premier League 2024-2025_FotMob.html
335	1821374	Southampton 1 - 2 Fulham - Premier League 2024_2025.html	4506561	Southampton 1-2 Fulham - Premier League 2024-2025_FotMob.html
336	1821377	Wolves 3 - 0 Leicester - Premier League 2024_2025.html	4506562	Wolves 3-0 Leicester - Premier League 2024-2025_FotMob.html
337	1821358	Bournemouth 1 - 1 Manchester United - Premier League 2024_2025.html	4506553	Bournemouth 1-1 Manchester United - Premier League 2024-2025_FotMob.html
338	1821366	Liverpool 5 - 1 Tottenham - Premier League 2024_2025.html	4506557	Liverpool 5-1 Tottenham - Premier League 2024-2025_FotMob.html
339	1821372	Nottingham Forest 0 - 2 Brentford - Premier League 2024_2025.html	4506560	Nottingham Forest 0-2 Brentford - Premier League 2024-2025_FotMob.html
340	1821330	Manchester City 1 - 0 Wolves - Premier League 2024_2025.html	4506570	Manchester City 1-0 Wolves - Premier League 2024-2025_FotMob.html
341	1821381	Aston Villa 1 - 0 Fulham - Premier League 2024_2025.html	4506564	Aston Villa 1-0 Fulham - Premier League 2024-2025_FotMob.html
342	1821387	Everton 2 - 2 Ipswich - Premier League 2024_2025.html	4506568	Everton 2-2 Ipswich - Premier League 2024-2025_FotMob.html
343	1821388	Leicester 2 - 0 Southampton - Premier League 2024_2025.html	4506569	Leicester 2-0 Southampton - Premier League 2024-2025_FotMob.html
344	1821379	Arsenal 1 - 2 Bournemouth - Premier League 2024_2025.html	4506563	Arsenal 1-2 Bournemouth - Premier League 2024-2025_FotMob.html
345	1821332	West Ham 1 - 1 Tottenham - Premier League 2024_2025.html	4506571	West Ham 1-1 Tottenham - Premier League 2024-2025_FotMob.html
346	1821335	Brighton 1 - 1 Newcastle - Premier League 2024_2025.html	4506572	Brighton 1-1 Newcastle - Premier League 2024-2025_FotMob.html
347	1821383	Brentford 4 - 3 Manchester United - Premier League 2024_2025.html	4506565	Brentford 4-3 Manchester United - Premier League 2024-2025_FotMob.html
348	1821385	Chelsea 3 - 1 Liverpool - Premier League 2024_2025.html	4506566	Chelsea 3-1 Liverpool - Premier League 2024-2025_FotMob.html
349	1821386	Crystal Palace 1 - 1 Nottingham Forest - Premier League 2024_2025.html	4506567	Crystal Palace 1-1 Nottingham Forest - Premier League 2024-2025_FotMob.html
350	1821341	Fulham 1 - 3 Everton - Premier League 2024_2025.html	4506574	Fulham 1-3 Everton - Premier League 2024-2025_FotMob.html
351	1821344	Ipswich 0 - 1 Brentford - Premier League 2024_2025.html	4506575	Ipswich 0-1 Brentford - Premier League 2024-2025_FotMob.html
352	1821355	Southampton 0 - 0 Manchester City - Premier League 2024_2025.html	4506580	Southampton 0-0 Manchester City - Premier League 2024-2025_FotMob.html
353	1821359	Wolves 0 - 2 Brighton - Premier League 2024_2025.html	4506582	Wolves 0-2 Brighton - Premier League 2024-2025_FotMob.html
354	1821338	Bournemouth 0 - 1 Aston Villa - Premier League 2024_2025.html	4506573	Bournemouth 0-1 Aston Villa - Premier League 2024-2025_FotMob.html
355	1821351	Newcastle 2 - 0 Chelsea - Premier League 2024_2025.html	4506578	Newcastle 2-0 Chelsea - Premier League 2024-2025_FotMob.html
356	1821353	Nottingham Forest 2 - 2 Leicester - Premier League 2024_2025.html	4506579	Nottingham Forest 2-2 Leicester - Premier League 2024-2025_FotMob.html
357	1821357	Tottenham 0 - 2 Crystal Palace - Premier League 2024_2025.html	4506581	Tottenham 0-2 Crystal Palace - Premier League 2024-2025_FotMob.html
358	1821349	Manchester United 0 - 2 West Ham - Premier League 2024_2025.html	4506577	Manchester United 0-2 West Ham - Premier League 2024-2025_FotMob.html
359	1821347	Liverpool 2 - 2 Arsenal - Premier League 2024_2025.html	4506576	Liverpool 2-2 Arsenal - Premier League 2024-2025_FotMob.html
360	1821363	Aston Villa 2 - 0 Tottenham - Premier League 2024_2025.html	4506584	Aston Villa 2-0 Tottenham - Premier League 2024-2025_FotMob.html
361	1821369	Chelsea 1 - 0 Manchester United - Premier League 2024_2025.html	4506587	Chelsea 1-0 Manchester United - Premier League 2024-2025_FotMob.html
362	1821373	Everton 2 - 0 Southampton - Premier League 2024_2025.html	4506589	Everton 2-0 Southampton - Premier League 2024-2025_FotMob.html
363	1821378	West Ham 1 - 2 Nottingham Forest - Premier League 2024_2025.html	4506592	West Ham 1-2 Nottingham Forest - Premier League 2024-2025_FotMob.html
364	1821375	Leicester 2 - 0 Ipswich - Premier League 2024_2025.html	4506590	Leicester 2-0 Ipswich - Premier League 2024-2025_FotMob.html
365	1821365	Brentford 2 - 3 Fulham - Premier League 2024_2025.html	4506585	Brentford 2-3 Fulham - Premier League 2024-2025_FotMob.html
366	1821361	Arsenal 1 - 0 Newcastle - Premier League 2024_2025.html	4506583	Arsenal 1-0 Newcastle - Premier League 2024-2025_FotMob.html
367	1821367	Brighton 3 - 2 Liverpool - Premier League 2024_2025.html	4506586	Brighton 3-2 Liverpool - Premier League 2024-2025_FotMob.html
368	1821370	Crystal Palace 4 - 2 Wolves - Premier League 2024_2025.html	4506588	Crystal Palace 4-2 Wolves - Premier League 2024-2025_FotMob.html
369	1821376	Manchester City 3 - 1 Bournemouth - Premier League 2024_2025.html	4506591	Manchester City 3-1 Bournemouth - Premier League 2024-2025_FotMob.html
370	1821380	Bournemouth 2 - 0 Leicester - Premier League 2024_2025.html	4506593	Bournemouth 2-0 Leicester - Premier League 2024-2025_FotMob.html
371	1821348	Wolves 1 - 1 Brentford - Premier League 2024_2025.html	4506602	Wolves 1-1 Brentford - Premier League 2024-2025_FotMob.html
372	1821345	Tottenham 1 - 4 Brighton - Premier League 2024_2025.html	4506601	Tottenham 1-4 Brighton - Premier League 2024-2025_FotMob.html
373	1821342	Southampton 1 - 2 Arsenal - Premier League 2024_2025.html	4506600	Southampton 1-2 Arsenal - Premier League 2024-2025_FotMob.html
374	1821339	Nottingham Forest 0 - 1 Chelsea - Premier League 2024_2025.html	4506599	Nottingham Forest 0-1 Chelsea - Premier League 2024-2025_FotMob.html
375	1821336	Newcastle 0 - 1 Everton - Premier League 2024_2025.html	4506598	Newcastle 0-1 Everton - Premier League 2024-2025_FotMob.html
376	1821333	Manchester United 2 - 0 Aston Villa - Premier League 2024_2025.html	4506597	Manchester United 2-0 Aston Villa - Premier League 2024-2025_FotMob.html
377	1821331	Liverpool 1 - 1 Crystal Palace - Premier League 2024_2025.html	4506596	Liverpool 1-1 Crystal Palace - Premier League 2024-2025_FotMob.html
378	1821384	Ipswich 1 - 3 West Ham - Premier League 2024_2025.html	4506595	Ipswich 1-3 West Ham - Premier League 2024-2025_FotMob.html
379	1821382	Fulham 0 - 2 Manchester City - Premier League 2024_2025.html	4506594	Fulham 0-2 Manchester City - Premier League 2024-2025_FotMob.html
